모두선택,순위,등락,곡정보 / 곡명,추천,담기,영상,다운로드,원음
,1위,"보합
0","비가 오잖아 - 곡정보
비가 오잖아
소유(SOYOU), 오반 / 비가 오잖아",추천,34304239,영상,MP3,"원음
원음 이용안내
닫기"
,2위,"상승
1","2002 - 곡정보
2002
Anne-Marie / Speak Your Mind (Deluxe)",추천,31209399,영상,MP3,원음
,3위,"상승
1","AH YEAH (아예) - 곡정보
AH YEAH (아예)
WINNER / WE",추천,34298595,영상,MP3,원음
,4위,"보합
0","사랑에 연습이 있었다면 (Prod. 2soo) - 곡정보
사랑에 연습이 있었다면 (Prod. 2soo)
임재현 / 사랑에 연습이 있었다면",추천,33845307,영상,MP3,원음
,5위,"상승
1","Goodbye - 곡정보
Goodbye
박효신 / Goodbye",추천,34279017,영상,MP3,원음
,6위,"상승
1","주저하는 연인들을 위해 - 곡정보
주저하는 연인들을 위해
잔나비 / 전설",추천,34172680,영상,MP3,원음
,7위,"보합
0","작은 것들을 위한 시 (Boy With Luv) (Feat. Halsey) - 곡정보
작은 것들을 위한 시 (Boy With Luv) (Feat. Halse ..
방탄소년단 / MAP OF THE SOUL : PERSONA",추천,34240841,영상,MP3,원음
