Title,URL,Artist,rank
비가 오잖아,javascript:mnetCom.aodPlay('34304239');,소유(SOYOU),1위
2002,javascript:mnetCom.aodPlay('31209399');,Anne-Marie,2위
AH YEAH (아예),javascript:mnetCom.aodPlay('34298595');,WINNER,3위
사랑에 연습이 있었다면 (Prod. 2soo),javascript:mnetCom.aodPlay('33845307');,임재현,4위
Goodbye,javascript:mnetCom.aodPlay('34279017');,박효신,5위
주저하는 연인들을 위해,javascript:mnetCom.aodPlay('34172680');,잔나비,6위
작은 것들을 위한 시 (Boy With Luv) (Feat. Halse ..,javascript:mnetCom.aodPlay('34240841');,방탄소년단,7위
사랑하긴 했었나요 스쳐가는 인연이었나요 짧지않은 우리 함께했던 시간들이 ..,javascript:mnetCom.aodPlay('3639382');,잔나비,8위
BET BET,javascript:mnetCom.aodPlay('34271953');,뉴이스트,9위
FANCY,javascript:mnetCom.aodPlay('34258737');,TWICE(트와이스),10위
사계 (Four Seasons),javascript:mnetCom.aodPlay('34195719');,태연 (TAEYEON),11위
Kill This Love,javascript:mnetCom.aodPlay('34220867');,BLACKPINK,12위
노래방에서,javascript:mnetCom.aodPlay('34189993');,장범준,13위
그때가 좋았어,javascript:mnetCom.aodPlay('34027477');,케이시(Kassy),14위
"나만, 봄",javascript:mnetCom.aodPlay('34215321');,볼빨간사춘기,15위
달라달라,javascript:mnetCom.aodPlay('34109261');,ITZY(있지),16위
Segno,javascript:mnetCom.aodPlay('34271952');,뉴이스트,17위
노래 제목,javascript:mnetCom.aodPlay('34176978');,뉴이스트 (NU`EST),18위
"모든 날, 모든 순간 (Every day, Every Moment)",javascript:mnetCom.aodPlay('30806511');,폴킴,19위
Dejavu,javascript:mnetCom.aodPlay('32734928');,뉴이스트 W,20위
여보세요,javascript:mnetCom.aodPlay('2975755');,뉴이스트 (NU`EST),21위
FACE,javascript:mnetCom.aodPlay('2719789');,뉴이스트 (NU`EST),22위
Different,javascript:mnetCom.aodPlay('34271957');,뉴이스트,23위
오늘 밤에,javascript:mnetCom.aodPlay('34163384');,홍진영,24위
옥탑방 (Rooftop),javascript:mnetCom.aodPlay('34035904');,엔플라잉(N.Flying),25위
Fine,javascript:mnetCom.aodPlay('34271958');,뉴이스트,26위
HELP ME,javascript:mnetCom.aodPlay('33948755');,뉴이스트 W,27위
Talk about love,javascript:mnetCom.aodPlay('34271955');,뉴이스트,28위
BASS,javascript:mnetCom.aodPlay('34271954');,뉴이스트,29위
있어줄래,javascript:mnetCom.aodPlay('34225696');,길구봉구,30위
bad guy,javascript:mnetCom.aodPlay('34210621');,Billie Eilish,31위
Universe (별의 언어),javascript:mnetCom.aodPlay('34218584');,민현 (뉴이스트),32위
별 보러 갈래?,javascript:mnetCom.aodPlay('34215322');,볼빨간사춘기,33위
벌써 12시,javascript:mnetCom.aodPlay('34030560');,청하,34위
너를 만나,javascript:mnetCom.aodPlay('33898671');,폴킴,35위
당신과는 천천히,javascript:mnetCom.aodPlay('34189991');,장범준,36위
Way Back Home,javascript:mnetCom.aodPlay('32739185');,숀(SHAUN),37위
이 노래가 클럽에서 나온다면,javascript:mnetCom.aodPlay('34073368');,우디 (Woody),38위
열애중,javascript:mnetCom.aodPlay('31252691');,벤,39위
Shape of You,javascript:mnetCom.aodPlay('16367017');,Ed Sheeran,40위
고고베베 (gogobebe),javascript:mnetCom.aodPlay('34176342');,마마무(Mamamoo),41위
소우주 (Mikrokosmos),javascript:mnetCom.aodPlay('34240842');,방탄소년단,42위
Jamais Vu,javascript:mnetCom.aodPlay('34240845');,방탄소년단,43위
잊어가지마 (Prod. 로코베리),javascript:mnetCom.aodPlay('34210046');,윤미래,44위
180도,javascript:mnetCom.aodPlay('33975467');,벤,45위
그건 아마 우리의 잘못은 아닐 거야,javascript:mnetCom.aodPlay('34181148');,백예린,46위
비올레타,javascript:mnetCom.aodPlay('34212551');,IZ*ONE (아이즈원),47위
넘쳐흘러,javascript:mnetCom.aodPlay('34035762');,엠씨더맥스,48위
Make It Right,javascript:mnetCom.aodPlay('34240843');,방탄소년단,49위
신청곡 (Feat. SUGA of BTS),javascript:mnetCom.aodPlay('34071907');,이소라,50위
"thank u, next",javascript:mnetCom.aodPlay('33909671');,Ariana Grande,51위
YES or YES,javascript:mnetCom.aodPlay('33909881');,TWICE(트와이스),52위
IDOL,javascript:mnetCom.aodPlay('33767938');,방탄소년단,53위
SHE`S FINE,javascript:mnetCom.aodPlay('34184626');,헤이즈(Heize),54위
봄 (Feat. 산다라박),javascript:mnetCom.aodPlay('34170467');,박봄,55위
신용재,javascript:mnetCom.aodPlay('33912167');,하은,56위
잊지마요 (Feat. 박지훈),javascript:mnetCom.aodPlay('34085654');,하성운,57위
사계 (하루살이),javascript:mnetCom.aodPlay('34035761');,엠씨더맥스,58위
사월이 지나면 우리 헤어져요 (Beautiful goodbye),javascript:mnetCom.aodPlay('34211186');,첸 (CHEN),59위
"All Falls Down (Feat. Noah Cyrus, Digit ..",javascript:mnetCom.aodPlay('19721434');,Alan Walker,60위
SOLO,javascript:mnetCom.aodPlay('33921535');,제니 (JENNIE),61위
봄날,javascript:mnetCom.aodPlay('16416482');,방탄소년단,62위
Dionysus,javascript:mnetCom.aodPlay('34240846');,방탄소년단,63위
내 생에 아름다운,javascript:mnetCom.aodPlay('33887083');,케이윌,64위
뜨거운 여름밤은 가고 남은 건 볼품없지만,javascript:mnetCom.aodPlay('5470375');,잔나비,65위
아낙네,javascript:mnetCom.aodPlay('33950023');,MINO (송민호),66위
HOME,javascript:mnetCom.aodPlay('34240844');,방탄소년단,67위
지나오다,javascript:mnetCom.aodPlay('19721121');,닐로(Nilo),68위
7 rings,javascript:mnetCom.aodPlay('34068662');,Ariana Grande,69위
고백,javascript:mnetCom.aodPlay('33875212');,양다일,70위
BIRD,javascript:mnetCom.aodPlay('34144943');,하성운,71위
MILLIONS,javascript:mnetCom.aodPlay('34010726');,WINNER,72위
술이 달다 (Feat. Crush),javascript:mnetCom.aodPlay('34166392');,에픽하이 (EPIK HIGH),73위
가을 타나 봐,javascript:mnetCom.aodPlay('33832090');,바이브,74위
혼자,javascript:mnetCom.aodPlay('34182383');,거미,75위
멍청이(twit),javascript:mnetCom.aodPlay('34112124');,화사(Hwa Sa),76위
너는 어땠을까,javascript:mnetCom.aodPlay('33910317');,노을,77위
She (Hidden Track No.V 1월 선정곡),javascript:mnetCom.aodPlay('19282221');,잔나비,78위
뚜두뚜두 (DDU-DU DDU-DU),javascript:mnetCom.aodPlay('32342230');,BLACKPINK,79위
Snowman (삼성 갤럭시 노트 9 광고 삽입곡),javascript:mnetCom.aodPlay('21390431');,Sia,80위
첫눈처럼 너에게 가겠다,javascript:mnetCom.aodPlay('16366513');,에일리,81위
하루도 그대를 사랑하지 않은 적이 없었다,javascript:mnetCom.aodPlay('33835275');,임창정,82위
초록빛,javascript:mnetCom.aodPlay('34065909');,폴킴,83위
첫사랑 (2019),javascript:mnetCom.aodPlay('34298600');,WINNER,84위
삐삐,javascript:mnetCom.aodPlay('33867075');,아이유(IU),85위
Think of You,javascript:mnetCom.aodPlay('34290014');,하성운,86위
"미운 날 (The day, I hate myself)",javascript:mnetCom.aodPlay('34132990');,닐로(Nilo),87위
다섯 번째 계절 (SSFWL),javascript:mnetCom.aodPlay('34286176');,오마이걸(OH MY GIRL),88위
그날처럼,javascript:mnetCom.aodPlay('22972170');,장덕철,89위
Intro : Persona,javascript:mnetCom.aodPlay('34240840');,방탄소년단,90위
띵 (Prod. By 기리보이),javascript:mnetCom.aodPlay('34054276');,Jvcki Wai,91위
오.꼭.말,javascript:mnetCom.aodPlay('34144944');,하성운,92위
진심이 담긴 노래 (True Song),javascript:mnetCom.aodPlay('34206884');,케이시(Kassy),93위
동물의 왕국,javascript:mnetCom.aodPlay('34298596');,WINNER,94위
그러니까 (Feat. Colde),javascript:mnetCom.aodPlay('34184627');,헤이즈(Heize),95위
몰라도 너무 몰라,javascript:mnetCom.aodPlay('34298597');,WINNER,96위
문득,javascript:mnetCom.aodPlay('34144945');,하성운,97위
사랑해서 그래,javascript:mnetCom.aodPlay('34139703');,강민경,98위
나들이 갈까,javascript:mnetCom.aodPlay('34215320');,볼빨간사춘기,99위
호불호 (Feat. 기리보이) (Prod. By GRAY),javascript:mnetCom.aodPlay('34165324');,우원재,100위
